rspd_id,model_id,purchase
13,171,1
13,32,0
13,102,0
21,707,1
21,324,0
129,324,1
129,707,0
153,707,1
153,779,0
198,699,1
198,707,0
211,650,1
211,598,0
256,32,1
256,102,0
313,32,1
313,102,0
329,291,1
387,171,1
387,102,0
419,707,1
419,324,0
438,707,1
438,324,0
442,707,1
442,324,0
442,354,0
469,707,1
469,302,0
498,650,1
498,309,0
498,351,0
501,707,1
501,324,0
506,707,1
506,324,0
525,707,1
525,324,0
535,650,1
535,440,0
535,351,0
537,650,1
537,351,0
539,707,1
539,354,0
540,707,1
540,699,0
581,272,1
581,102,0
668,309,1
668,351,0
668,374,0
683,779,1
683,309,0
698,778,1
698,309,0
706,764,1
706,302,0
706,231,0
711,291,1
745,309,1
745,324,0
745,359,0
756,309,1
756,294,0
756,505,0
766,440,1
766,707,0
767,309,1
767,351,0
776,309,1
776,401,0
779,291,1
779,715,0
784,309,1
784,637,0
784,10,0
789,309,1
789,16,0
789,562,0
792,291,1
792,450,0
806,298,1
806,650,0
806,647,0
830,309,1
859,309,1
859,598,0
859,324,0
913,291,1
913,527,0
930,294,1
930,309,0
941,309,1
943,309,1
987,309,1
987,699,0
987,324,0
1009,309,1
1009,779,0
1052,294,1
1052,580,0
1053,291,1
1053,715,0
1061,741,1
1061,231,0
1070,726,1
1070,505,0
1070,707,0
1113,725,1
1113,231,0
1113,726,0
1196,726,1
1196,707,0
1210,726,1
1210,231,0
1210,486,0
1279,309,1
1279,779,0
1279,764,0
1325,734,1
1325,741,0
1325,707,0
1360,430,1
1360,102,0
1452,54,1
1452,707,0
1452,735,0
1456,309,1
1456,779,0
1483,779,1
1483,674,0
1483,231,0
1526,309,1
1526,401,0
1526,598,0
1546,157,1
1546,102,0
1555,54,1
1555,10,0
1555,444,0
1565,401,1
1565,779,0
1565,309,0
1613,672,1
1613,783,0
1613,707,0
1629,401,1
1629,309,0
1675,721,1
1675,707,0
1681,272,1
1681,32,0
1681,102,0
1806,674,1
1806,231,0
1850,444,1
1850,178,0
1850,351,0
1851,291,1
1862,444,1
1862,374,0
1884,444,1
1884,699,0
1884,707,0
1891,450,1
1891,231,0
1914,216,1
1914,309,0
1947,725,1
1947,309,0
2025,216,1
2025,779,0
2025,309,0
2028,216,1
2028,359,0
2040,216,1
2040,707,0
2043,444,1
2096,740,1
2096,102,0
2096,351,0
2117,725,1
2117,231,0
2117,673,0
2136,216,1
2136,340,0
2140,216,1
2191,650,1
2191,359,0
2193,650,1
2193,351,0
2198,699,1
2198,707,0
2203,707,1
2203,699,0
2212,707,1
2212,697,0
2240,650,1
2240,359,0
2265,699,1
2265,291,0
2278,102,1
2325,707,1
2325,359,0
2364,32,1
2364,102,0
2414,650,1
2414,583,0
2427,590,1
2427,102,0
2460,102,1
2510,650,1
2510,324,0
2517,144,1
2517,102,0
2582,227,1
2582,309,0
2582,780,0
2728,309,1
2728,324,0
2735,309,1
2735,779,0
2744,309,1
2744,345,0
2773,309,1
2808,309,1
2808,324,0
2809,309,1
2809,707,0
2828,291,1
2944,291,1
3007,272,1
3007,102,0
3056,309,1
3056,324,0
3056,780,0
3075,216,1
3075,226,0
3090,779,1
3090,309,0
3103,674,1
3103,231,0
3103,734,0
3115,617,1
3115,102,0
3127,216,1
3127,309,0
3184,676,1
3184,231,0
3188,216,1
3188,779,0
3188,324,0
3193,216,1
3193,779,0
3207,216,1
3207,637,0
3207,231,0
3217,779,1
3217,309,0
3293,216,1
3294,216,1
3294,699,0
3306,764,1
3306,309,0
3307,216,1
3317,779,1
3317,309,0
3360,312,1
3360,780,0
3360,309,0
3396,216,1
3397,216,1
3397,309,0
3397,324,0
3401,216,1
3401,707,0
3403,216,1
3403,707,0
3403,309,0
3411,444,1
3487,707,1
3487,598,0
3491,707,1
3491,699,0
3502,580,1
3502,294,0
3503,598,1
3503,699,0
3503,707,0
3581,144,1
3581,102,0
3596,303,1
3596,231,0
3598,309,1
3605,309,1
3605,226,0
3605,354,0
3620,309,1
3623,309,1
3623,699,0
3623,779,0
3624,309,1
3624,779,0
3624,439,0
3674,309,1
3674,779,0
3685,726,1
3685,404,0
3685,231,0
3707,440,1
3707,707,0
3719,216,1
3719,780,0
3738,617,1
3738,770,0
3738,444,0
3846,779,1
3846,309,0
3885,707,1
3885,583,0
3905,102,1
3905,77,0
4035,488,1
4035,16,0
4139,184,1
4139,102,0
4170,779,1
4170,637,0
4170,309,0
4540,291,1
4540,16,0
4546,707,1
4546,715,0
4547,707,1
4547,450,0
4554,12,1
4554,707,0
4558,309,1
4558,351,0
4567,324,1
4567,707,0
4598,554,1
4598,707,0
4630,102,1
4630,440,0
4636,309,1
4652,559,1
4652,707,0
4663,488,1
4663,707,0
4718,309,1
4718,673,0
4747,441,1
4747,444,0
4747,354,0
4780,444,1
4803,426,1
4803,444,0
4824,707,1
4869,707,1
4890,102,1
4907,707,1
4971,309,1
4971,401,0
5023,637,1
5023,707,0
5029,676,1
5029,309,0
5034,444,1
5034,707,0
5034,779,0
5045,216,1
5045,588,0
5103,598,1
5103,444,0
5130,707,1
5130,699,0
5134,102,1
5134,144,0
5181,707,1
5209,707,1
5209,779,0
5293,157,1
5293,227,0
5293,309,0
5326,216,1
5345,16,1
5345,707,0
5365,704,1
5365,707,0
5495,205,1
5495,102,0
5496,707,1
5496,324,0
5497,707,1
5497,779,0
5522,558,1
5522,707,0
5580,102,1
5580,33,0
5582,102,1
5582,144,0
5687,309,1
5687,598,0
5719,637,1
5719,231,0
5724,444,1
5724,779,0
5733,216,1
5733,783,0
5788,218,1
5788,707,0
5810,225,1
5810,218,0
5810,216,0
5825,309,1
5825,354,0
5918,707,1
5918,580,0
6008,102,1
6008,32,0
6066,309,1
6066,440,0
6066,32,0
6073,309,1
6073,231,0
6143,637,1
6143,707,0
6143,779,0
6167,770,1
6167,707,0
6248,707,1
6249,707,1
6249,459,0
6259,144,1
6259,102,0
6259,779,0
6260,102,1
6260,144,0
6289,32,1
6289,102,0
6319,32,1
6319,102,0
6324,102,1
6324,32,0
6468,102,1
6468,144,0
6614,309,1
6615,309,1
6615,32,0
6615,351,0
6617,309,1
6622,311,1
6622,310,0
6622,309,0
6637,401,1
6637,309,0
6642,312,1
6642,444,0
6666,309,1
6706,779,1
6706,309,0
6706,401,0
6716,309,1
6716,650,0
6716,401,0
6735,309,1
6735,324,0
6832,707,1
6842,102,1
6842,415,0
6915,102,1
6982,208,1
6982,102,0
7183,309,1
7195,440,1
7195,707,0
7196,190,1
7196,707,0
7283,272,1
7283,102,0
7283,32,0
7323,637,1
7323,707,0
7326,637,1
7326,707,0
7398,637,1
7398,324,0
7398,707,0
7407,102,1
7407,427,0
7480,324,1
7480,707,0
7480,481,0
7481,707,1
7481,324,0
7867,707,1
7887,707,1
7887,598,0
7892,32,1
7892,102,0
7911,488,1
7911,12,0
7948,178,1
7948,324,0
7952,583,1
7952,32,0
7952,102,0
7956,178,1
7956,333,0
7956,324,0
7981,178,1
7981,324,0
8019,273,1
8019,707,0
8019,190,0
8031,309,1
8031,354,0
8031,707,0
8037,272,1
8037,102,0
8043,309,1
8123,216,1
8123,699,0
8123,440,0
8145,272,1
8145,102,0
8146,272,1
8146,32,0
8146,102,0
8195,216,1
8195,231,0
8195,354,0
8388,216,1
8388,231,0
8486,102,1
8523,707,1
8523,440,0
8576,309,1
8576,59,0
8578,771,1
8578,231,0
8605,178,1
8606,178,1
8647,16,1
8647,707,0
8731,707,1
8741,707,1
8762,779,1
8762,178,0
8762,354,0
8765,309,1
8765,401,0
8965,707,1
8965,324,0
9001,707,1
9001,324,0
9001,583,0
9003,707,1
9003,354,0
9003,16,0
9051,102,1
9051,32,0
9052,102,1
9052,144,0
9064,707,1
9064,699,0
9064,16,0
9066,707,1
9066,697,0
9066,406,0
9127,707,1
9127,583,0
9132,707,1
9132,324,0
9279,697,1
9279,291,0
9291,16,1
9291,707,0
9295,16,1
9295,707,0
9331,707,1
9331,770,0
9343,178,1
9343,324,0
9345,705,1
9345,291,0
9379,102,1
9379,32,0
9386,102,1
9386,77,0
9386,32,0
9387,706,1
9387,33,0
9387,102,0
9389,102,1
9389,32,0
9398,802,1
9398,102,0
9398,32,0
9459,16,1
9459,291,0
9460,16,1
9460,707,0
9491,707,1
9491,324,0
9513,102,1
9513,16,0
9578,666,1
9578,444,0
9579,309,1
9579,351,0
9581,309,1
9587,312,1
9587,707,0
9651,186,1
9651,673,0
9651,707,0
9683,309,1
9683,340,0
9705,672,1
9705,707,0
9748,309,1
9778,401,1
9778,309,0
9817,309,1
9833,779,1
9833,707,0
9833,699,0
9872,309,1
9878,309,1
9944,216,1
9975,216,1
9975,324,0
9981,54,1
9981,707,0
9982,54,1
9982,498,0
9982,707,0
9987,216,1
9987,707,0
9987,354,0
10005,216,1
10047,102,1
10047,32,0
10051,372,1
10051,102,0
10060,205,1
10060,102,0
10081,691,1
10081,693,0
10081,487,0
10083,707,1
10083,450,0
10096,565,1
10096,291,0
10097,565,1
10097,291,0
10100,565,1
10100,715,0
10100,291,0
10102,565,1
10102,291,0
10102,785,0
10113,178,1
10113,351,0
10113,324,0
10134,418,1
10134,415,0
10134,102,0
10135,554,1
10135,707,0
10144,178,1
10144,440,0
10153,372,1
10153,32,0
10153,102,0
10158,415,1
10158,32,0
10158,102,0
10189,563,1
10189,707,0
10189,324,0
10201,309,1
10201,440,0
10201,401,0
10224,298,1
10224,75,0
10224,102,0
10234,309,1
10234,598,0
10234,405,0
10239,440,1
10239,650,0
10242,309,1
10254,309,1
10254,351,0
10291,309,1
10291,770,0
10291,59,0
10301,309,1
10301,340,0
10302,309,1
10302,324,0
10315,779,1
10315,231,0
10315,354,0
10316,309,1
10316,444,0
10316,779,0
10324,637,1
10324,309,0
10326,637,1
10326,309,0
10455,720,1
10455,231,0
10485,216,1
10564,157,1
10564,612,0
10564,102,0
10594,272,1
10594,102,0
10594,32,0
10630,216,1
10731,555,1
10731,102,0
10743,102,1
10743,144,0
10762,372,1
10762,102,0
10776,583,1
10776,102,0
10778,32,1
10778,102,0
10782,707,1
10783,205,1
10783,102,0
10854,637,1
10854,401,0
10854,562,0
10888,779,1
10888,324,0
10888,562,0
10903,661,1
10903,376,0
10903,224,0
10923,359,1
10923,779,0
10923,102,0
10964,444,1
10964,324,0
10970,735,1
10970,339,0
10970,291,0
10994,216,1
10994,779,0
10995,216,1
10995,309,0
10998,216,1
10998,374,0
11007,707,1
11007,231,0
11007,374,0
11010,563,1
11010,231,0
11014,707,1
11014,785,0
11014,303,0
11054,178,1
11054,440,0
11099,102,1
11099,32,0
11104,598,1
11104,707,0
11104,699,0
11120,208,1
11120,707,0
11120,585,0
11150,411,1
11150,102,0
11165,590,1
11165,102,0
11165,432,0
11173,102,1
11173,32,0
11184,707,1
11227,102,1
11227,32,0
11227,444,0
11264,650,1
11304,707,1
11312,178,1
11312,340,0
11316,699,1
11316,62,0
11316,231,0
11327,309,1
11335,10,1
11335,707,0
11389,650,1
11389,770,0
11401,650,1
11401,598,0
11417,178,1
11417,324,0
11422,178,1
11422,699,0
11485,95,1
11485,586,0
11485,102,0
11499,309,1
11510,291,1
11510,19,0
11510,404,0
11514,270,1
11514,178,0
11523,309,1
11523,401,0
11524,309,1
11524,598,0
11548,770,1
11548,707,0
11548,779,0
11589,770,1
11589,707,0
11618,272,1
11618,102,0
11698,726,1
11698,231,0
11924,707,1
11929,707,1
11929,401,0
11933,324,1
11933,779,0
11933,444,0
11946,309,1
11946,779,0
11947,309,1
11947,324,0
11947,32,0
11948,309,1
11948,324,0
11959,309,1
11959,324,0
11959,637,0
11971,309,1
11971,324,0
11971,699,0
11972,309,1
11972,779,0
11972,324,0
11973,309,1
11973,779,0
11987,440,1
11987,444,0
11987,583,0
11991,309,1
11991,312,0
11993,309,1
11993,779,0
12000,309,1
12000,440,0
12000,444,0
12020,291,1
12050,405,1
12050,309,0
12081,707,1
12081,779,0
12108,440,1
12108,309,0
12111,309,1
12111,351,0
12111,699,0
12147,674,1
12147,707,0
12160,309,1
12160,637,0
12190,509,1
12190,231,0
12190,725,0
12215,637,1
12215,444,0
12228,348,1
12228,102,0
12248,216,1
12248,6,0
12249,637,1
12249,444,0
12376,216,1
12376,586,0
12376,430,0
12377,216,1
12377,16,0
12377,764,0
12396,401,1
12396,309,0
12414,404,1
12414,707,0
12416,216,1
12416,309,0
12416,354,0
12422,450,1
12422,444,0
12422,785,0
12485,707,1
12485,505,0
12567,707,1
12590,324,1
12590,707,0
12667,272,1
12667,102,0
12822,707,1
12822,32,0
12828,32,1
12828,102,0
12859,707,1
12887,309,1
12887,226,0
12887,637,0
13003,404,1
13003,785,0
13003,707,0
13005,216,1
13029,102,1
13029,32,0
13030,102,1
13046,144,1
13046,102,0
13082,598,1
13082,309,0
13096,205,1
13096,102,0
13098,707,1
13098,517,0
13114,32,1
13114,102,0
13114,144,0
13123,583,1
13123,102,0
13127,18,1
13127,707,0
13205,309,1
13205,351,0
13219,444,1
13219,354,0
13236,359,1
13236,309,0
13236,598,0
13309,444,1
13309,779,0
13311,444,1
13413,707,1
13430,707,1
13430,67,0
13441,216,1
13445,216,1
13445,144,0
13476,102,1
13476,334,0
13541,707,1
13541,444,0
13586,486,1
13586,487,0
13615,707,1
13615,324,0
13632,707,1
13632,779,0
13635,309,1
13635,780,0
13635,480,0
13712,444,1
13712,779,0
13729,741,1
13729,707,0
13730,741,1
13730,309,0
13773,184,1
13773,769,0
13773,102,0
13775,216,1
13775,707,0
13825,32,1
13825,102,0
13852,312,1
13852,769,0
13852,309,0
13868,309,1
13868,779,0
13915,309,1
13915,673,0
13915,779,0
14005,16,1
14005,707,0
14089,102,1
14089,699,0
14125,324,1
14125,707,0
14156,102,1
14156,359,0
14167,707,1
14167,779,0
14200,707,1
14200,785,0
14293,309,1
14293,401,0
14367,721,1
14367,707,0
14383,707,1
14383,440,0
14396,309,1
14396,770,0
14396,163,0
14501,102,1
14511,32,1
14511,359,0
14511,102,0
14517,707,1
14517,401,0
14528,650,1
14528,439,0
14528,444,0
14537,650,1
14547,563,1
14547,707,0
14553,563,1
14553,707,0
14554,559,1
14554,444,0
14568,554,1
14568,444,0
14602,190,1
14602,102,0
14604,309,1
14604,699,0
14604,354,0
14609,778,1
14609,102,0
14611,359,1
14611,444,0
14611,707,0
14661,707,1
14661,324,0
14697,699,1
14697,707,0
14698,32,1
14698,102,0
14698,144,0
14701,569,1
14701,562,0
14702,102,1
14702,351,0
14719,309,1
14719,673,0
14719,699,0
14768,16,1
14768,707,0
14768,63,0
14784,707,1
14784,779,0
14784,16,0
14795,144,1
14795,102,0
14795,32,0
14801,707,1
14801,699,0
14801,354,0
14880,488,1
14880,726,0
14892,102,1
14892,144,0
14945,779,1
14945,707,0
14945,440,0
14971,780,1
14971,707,0
14982,779,1
14982,707,0
14982,440,0
15044,779,1
15044,16,0
15044,707,0
15056,779,1
15056,650,0
15056,439,0
15057,309,1
15057,440,0
15104,270,1
15104,102,0
15174,779,1
15174,305,0
15174,650,0
15186,309,1
15186,440,0
15201,779,1
15201,59,0
15201,707,0
15246,779,1
15246,32,0
15246,102,0
15339,779,1
15339,583,0
15339,707,0
15356,59,1
15356,707,0
15386,54,1
15386,734,0
15386,309,0
15389,54,1
15389,10,0
15389,707,0
15420,637,1
15420,707,0
15548,102,1
15548,32,0
15558,324,1
15558,707,0
15559,707,1
15559,351,0
15560,707,1
15560,699,0
15596,580,1
15596,309,0
15596,305,0
15608,488,1
15608,694,0
15608,764,0
15618,707,1
15618,699,0
15647,242,1
15647,102,0
15647,32,0
15691,309,1
15733,439,1
15733,309,0
15733,324,0
15829,615,1
15829,324,0
15829,102,0
15836,707,1
15836,340,0
15841,707,1
15841,324,0
15844,340,1
15844,673,0
15844,707,0
15848,340,1
15848,324,0
15848,707,0
15854,697,1
15854,707,0
15867,707,1
15867,697,0
15893,707,1
15893,598,0
15910,699,1
15910,707,0
15911,707,1
15911,699,0
15934,324,1
15934,707,0
15935,707,1
15935,324,0
15946,693,1
15946,487,0
15980,707,1
15981,707,1
15981,340,0
15985,707,1
15985,102,0
15988,707,1
15988,699,0
15990,697,1
15990,707,0
15992,697,1
15992,707,0
16041,309,1
16041,312,0
16179,178,1
16179,16,0
16221,178,1
16229,707,1
16229,333,0
16266,802,1
16266,102,0
16274,707,1
16274,734,0
16280,488,1
16280,487,0
16280,486,0
16301,779,1
16301,178,0
16301,324,0
16365,741,1
16365,178,0
16397,272,1
16397,32,0
16397,102,0
16469,102,1
16469,32,0
16484,205,1
16484,144,0
16484,102,0
16503,707,1
16507,790,1
16507,102,0
16515,699,1
16515,707,0
16522,102,1
16522,439,0
16553,555,1
16553,102,0
16561,205,1
16561,102,0
16571,707,1
16582,309,1
16617,771,1
16617,309,0
16666,309,1
16666,598,0
16669,312,1
16669,707,0
16697,16,1
16697,598,0
16697,707,0
16732,770,1
16732,178,0
16751,699,1
16751,707,0
16811,10,1
16811,102,0
16849,707,1
16849,699,0
16982,707,1
16983,16,1
16983,707,0
17047,699,1
17047,707,0
17057,102,1
17057,411,0
17075,699,1
17075,707,0
17214,309,1
17284,707,1
17289,102,1
17304,583,1
17304,351,0
17304,102,0
17315,309,1
17315,351,0
17315,324,0
17332,707,1
17339,102,1
17339,32,0
17341,102,1
17352,707,1
17408,351,1
17408,444,0
17408,226,0
17448,707,1
17448,699,0
17480,707,1
17480,583,0
17492,707,1
17511,699,1
17511,707,0
17527,699,1
17527,707,0
17539,697,1
17539,707,0
17556,707,1
17556,699,0
17559,309,1
17565,309,1
17637,779,1
17637,231,0
17693,359,1
17693,309,0
17725,305,1
17725,707,0
17725,324,0
17735,707,1
17735,324,0
17769,32,1
17769,144,0
17769,102,0
17828,102,1
17828,96,0
17830,707,1
17830,588,0
17853,310,1
17853,226,0
17853,309,0
17927,16,1
17927,707,0
17927,333,0
17937,691,1
17937,333,0
17937,707,0
17944,707,1
17976,587,1
17976,102,0
17981,16,1
17981,707,0
18067,562,1
18067,673,0
18069,120,1
18069,102,0
18145,32,1
18145,102,0
18153,102,1
18153,32,0
18154,707,1
18154,354,0
18209,32,1
18209,102,0
18213,707,1
18213,374,0
18217,715,1
18217,707,0
18217,231,0
18232,707,1
18232,770,0
18234,707,1
18248,324,1
18248,707,0
18275,707,1
18275,324,0
18365,707,1
18379,178,1
18388,598,1
18388,707,0
18461,802,1
18461,102,0
18476,296,1
18476,309,0
18476,779,0
18593,296,1
18593,220,0
18593,309,0
18597,294,1
18597,231,0
18597,374,0
18602,721,1
18602,231,0
18602,294,0
18607,216,1
18607,779,0
18607,309,0
18632,216,1
18632,405,0
18632,699,0
18641,726,1
18641,707,0
18686,674,1
18686,562,0
18686,16,0
18734,726,1
18734,231,0
18780,617,1
18780,309,0
18966,226,1
18966,231,0
18966,62,0
18983,309,1
18983,354,0
19019,673,1
19019,707,0
19028,309,1
19028,324,0
19028,699,0
19039,309,1
19039,779,0
19039,18,0
19040,309,1
19049,785,1
19049,231,0
19057,309,1
19057,707,0
19058,309,1
19058,324,0
19069,309,1
19069,637,0
19069,779,0
19072,231,1
19072,18,0
19074,309,1
19074,707,0
19084,309,1
19084,779,0
19085,309,1
19109,444,1
19109,707,0
19109,320,0
19110,444,1
19110,372,0
19110,405,0
19114,231,1
19175,309,1
19175,779,0
19222,309,1
19222,374,0
19222,231,0
19225,309,1
19225,374,0
19248,444,1
19248,562,0
19248,324,0
19278,444,1
19278,562,0
19278,354,0
19286,444,1
19286,749,0
19286,745,0
19290,444,1
19290,351,0
19303,769,1
19303,102,0
19303,430,0
19307,309,1
19307,312,0
19307,10,0
19323,443,1
19323,707,0
19323,374,0
19327,309,1
19343,444,1
19343,231,0
19365,443,1
19365,707,0
19365,220,0
19406,444,1
19406,598,0
19423,309,1
19423,741,0
19474,401,1
19474,707,0
19477,401,1
19477,309,0
19477,226,0
19509,444,1
19509,324,0
19540,62,1
19540,707,0
19540,324,0
19572,441,1
19572,741,0
19572,444,0
19573,354,1
19573,707,0
19594,405,1
19594,707,0
19603,406,1
19603,231,0
19663,440,1
19663,707,0
19663,351,0
19693,374,1
19693,707,0
19693,16,0
19806,354,1
19806,309,0
19806,324,0
19829,231,1
19829,18,0
19830,231,1
19837,231,1
19837,16,0
19843,231,1
19843,779,0
19872,231,1
19872,18,0
19872,505,0
19873,231,1
19873,404,0
19873,406,0
19912,231,1
19912,16,0
19912,10,0
19924,231,1
19924,741,0
19960,704,1
19960,707,0
19961,650,1
19961,648,0
19984,102,1
19992,707,1
19992,779,0
19999,707,1
19999,324,0
20065,102,1
20065,144,0
20070,102,1
20070,590,0
20145,178,1
20145,707,0
20146,559,1
20146,707,0
20148,565,1
20148,309,0
20176,715,1
20176,707,0
20203,487,1
20203,309,0
20220,562,1
20220,324,0
20221,562,1
20222,562,1
20222,779,0
20237,562,1
20237,324,0
20238,562,1
20238,324,0
20239,562,1
20239,779,0
20240,562,1
20240,779,0
20243,562,1
20243,699,0
20255,554,1
20255,309,0
20321,308,1
20321,310,0
20321,309,0
20351,216,1
20351,302,0
20377,226,1
20377,324,0
20377,309,0
20396,309,1
20397,309,1
20398,309,1
20401,216,1
20401,707,0
20427,309,1
20427,779,0
20468,309,1
20547,309,1
20571,769,1
20571,102,0
20588,309,1
20632,231,1
20633,231,1
20633,12,0
20636,231,1
20636,48,0
20671,401,1
20671,309,0
20673,637,1
20673,309,0
20718,727,1
20718,707,0
20718,16,0
20782,309,1
20782,226,0
20923,231,1
20923,16,0
20923,324,0
20961,637,1
20961,309,0
20993,779,1
20993,707,0
21047,178,1
21047,324,0
21058,102,1
21058,144,0
21088,707,1
21088,226,0
21108,32,1
21108,102,0
21132,487,1
21132,779,0
21172,309,1
21172,354,0
21174,309,1
21174,354,0
21174,637,0
21203,309,1
21203,32,0
21203,699,0
21216,309,1
21216,163,0
21234,309,1
21234,779,0
21246,401,1
21246,231,0
21246,779,0
21252,309,1
21253,401,1
21253,707,0
21258,216,1
21258,674,0
21286,743,1
21286,32,0
21286,178,0
21303,231,1
21303,637,0
21315,231,1
21315,18,0
21336,231,1
21339,231,1
21353,405,1
21353,231,0
21386,77,1
21386,102,0
21424,707,1
21424,583,0
21671,726,1
21671,178,0
21703,440,1
21703,444,0
22054,102,1
22054,32,0
22073,707,1
22073,715,0
22091,707,1
22113,77,1
22113,102,0
22209,309,1
22209,226,0
22219,17,1
22219,707,0
22231,231,1
22231,448,0
22233,734,1
22233,741,0
22233,444,0
22235,231,1
22235,707,0
22272,354,1
22272,707,0
22330,144,1
22330,102,0
22332,707,1
22332,779,0
22333,15,1
22333,707,0
22335,707,1
22335,637,0
22364,102,1
22364,32,0
22405,487,1
22423,562,1
22423,707,0
22462,309,1
22462,779,0
22462,226,0
22471,216,1
22471,588,0
22471,374,0
22515,231,1
22540,372,1
22540,32,0
22540,102,0
22553,707,1
22553,779,0
22576,707,1
22576,779,0
22583,102,1
22583,32,0
22618,144,1
22618,102,0
22642,487,1
22644,562,1
22653,609,1
22653,309,0
22653,226,0
22674,444,1
22674,226,0
22707,497,1
22707,562,0
22716,226,1
22716,741,0
22716,178,0
22731,775,1
22731,739,0
22731,102,0
22748,444,1
22748,324,0
22768,444,1
22768,303,0
22771,444,1
22771,354,0
22788,405,1
22788,231,0
22797,404,1
22797,715,0
22797,231,0
22798,405,1
22798,783,0
22798,231,0
22804,231,1
22804,707,0
22810,192,1
22810,102,0
22845,707,1
22845,699,0
22883,16,1
22883,707,0
22888,99,1
22888,102,0
22902,707,1
22902,324,0
22906,650,1
22906,102,0
22926,102,1
22926,348,0
22935,650,1
22962,707,1
22962,779,0
22970,487,1
22970,18,0
23014,650,1
23014,779,0
23032,32,1
23032,102,0
23213,404,1
23213,291,0
23255,192,1
23255,440,0
23255,178,0
23310,707,1
23310,779,0
23381,487,1
23391,588,1
23391,707,0
23397,102,1
23397,359,0
23409,102,1
23409,32,0
23490,309,1
23490,220,0
23496,376,1
23496,19,0
23496,67,0
23509,770,1
23509,707,0
23651,487,1
23651,497,0
23814,102,1
23815,707,1
23842,16,1
23842,707,0
23852,473,1
23852,102,0
23908,309,1
23928,309,1
23928,779,0
23934,429,1
23934,432,0
23934,102,0
24083,102,1
24107,707,1
24107,324,0
24238,102,1
24238,77,0
24331,296,1
24331,309,0
24342,609,1
24342,178,0
24412,351,1
24412,309,0
24412,673,0
24465,354,1
24465,444,0
24469,231,1
24469,16,0
24475,354,1
24475,324,0
24475,650,0
24493,312,1
24493,432,0
24493,309,0
24510,309,1
24510,780,0
24524,444,1
24524,715,0
24612,707,1
24612,699,0
24644,15,1
24644,707,0
24646,144,1
24646,707,0
24687,562,1
24770,309,1
24770,598,0
24773,309,1
24773,650,0
24774,309,1
24774,699,0
24775,309,1
24817,487,1
24973,102,1
24973,583,0
24993,487,1
24993,351,0
24997,487,1
24997,779,0
25013,707,1
25013,779,0
25104,216,1
25104,303,0
25133,354,1
25133,707,0
25133,699,0
25142,354,1
25142,707,0
25442,102,1
25473,178,1
25559,178,1
25601,354,1
25601,444,0
25601,226,0
25620,780,1
25620,178,0
25620,785,0
25696,178,1
25696,351,0
25709,707,1
25769,308,1
25769,429,0
25769,102,0
25805,186,1
25805,102,0
25805,647,0
25825,231,1
25825,785,0
25939,102,1
25939,144,0
25971,699,1
25971,324,0
25971,309,0
25972,699,1
25972,779,0
25972,707,0
26014,32,1
26014,102,0
26024,707,1
26024,324,0
26024,779,0
26028,17,1
26028,465,0
26028,707,0
26063,707,1
26063,603,0
26063,673,0
26117,559,1
26117,707,0
26118,715,1
26118,707,0
26120,562,1
26121,562,1
26121,780,0
26128,559,1
26128,707,0
26133,562,1
26133,780,0
26135,562,1
26141,555,1
26141,562,0
26141,324,0
26143,562,1
26143,559,0
26144,562,1
26144,707,0
26145,562,1
26145,707,0
26146,563,1
26146,562,0
26152,562,1
26152,779,0
26153,563,1
26153,707,0
26155,562,1
26155,324,0
26157,562,1
26157,351,0
26158,562,1
26158,707,0
26160,562,1
26160,707,0
26164,562,1
26164,226,0
26165,562,1
26165,699,0
26167,559,1
26167,707,0
26169,562,1
26169,226,0
26171,562,1
26171,779,0
26181,32,1
26181,102,0
26182,562,1
26182,726,0
26182,707,0
26188,562,1
26188,707,0
26188,302,0
26190,562,1
26190,102,0
26190,32,0
26191,562,1
26191,32,0
26191,102,0
26205,487,1
26205,779,0
26205,324,0
26208,178,1
26208,779,0
26208,354,0
26210,178,1
26210,707,0
26210,779,0
26220,802,1
26220,102,0
26220,32,0
26221,603,1
26221,309,0
26221,779,0
26225,562,1
26225,707,0
26225,779,0
26227,562,1
26227,16,0
26227,505,0
26268,559,1
26268,707,0
26272,487,1
26272,340,0
26272,302,0
26276,562,1
26276,707,0
26278,562,1
26278,324,0
26281,418,1
26281,102,0
26281,32,0
26289,615,1
26289,16,0
26289,707,0
26293,486,1
26293,707,0
26293,779,0
26304,554,1
26304,603,0
26304,707,0
26311,418,1
26311,415,0
26311,650,0
26321,562,1
26321,351,0
26346,606,1
26346,580,0
26346,16,0
26398,562,1
26398,779,0
26398,324,0
26400,558,1
26400,102,0
26400,650,0
26402,715,1
26402,673,0
26402,291,0
26431,487,1
26431,697,0
26439,473,1
26439,102,0
26441,487,1
26441,559,0
26450,562,1
26450,440,0
26450,324,0
26452,372,1
26452,650,0
26452,32,0
26468,558,1
26468,562,0
26468,324,0
26473,562,1
26473,351,0
26479,487,1
26479,324,0
26479,598,0
26484,562,1
26484,324,0
26484,699,0
26485,562,1
26485,296,0
26493,562,1
26493,351,0
26498,487,1
26498,16,0
26499,558,1
26499,291,0
26502,562,1
26502,324,0
26504,562,1
26504,351,0
26504,699,0
26506,562,1
26506,583,0
26506,699,0
26516,487,1
26516,16,0
26516,707,0
26525,562,1
26525,707,0
26525,354,0
26531,559,1
26531,707,0
26531,673,0
26535,487,1
26535,296,0
26535,699,0
26537,562,1
26537,296,0
26541,487,1
26541,785,0
26543,372,1
26543,32,0
26543,650,0
26547,562,1
26547,324,0
26547,583,0
26548,562,1
26548,324,0
26548,583,0
26552,562,1
26552,351,0
26552,699,0
26554,419,1
26554,102,0
26561,487,1
26561,779,0
26561,707,0
26562,487,1
26562,707,0
26562,354,0
26567,562,1
26567,324,0
26567,583,0
26568,800,1
26568,102,0
26571,486,1
26571,707,0
26578,562,1
26578,559,0
26579,562,1
26579,699,0
26585,473,1
26585,144,0
26585,102,0
26591,372,1
26591,102,0
26602,300,1
26602,340,0
26602,707,0
26605,650,1
26605,242,0
26612,419,1
26612,559,0
26612,102,0
26629,487,1
26629,324,0
26629,583,0
26642,205,1
26642,102,0
26662,486,1
26662,487,0
26669,802,1
26669,102,0
26671,487,1
26671,559,0
26677,487,1
26677,439,0
26677,359,0
26706,565,1
26706,707,0
26706,324,0
26708,563,1
26708,231,0
26708,59,0
26712,606,1
26712,480,0
26712,707,0
26717,562,1
26717,779,0
26717,707,0
26719,562,1
26719,16,0
26719,440,0
26720,565,1
26720,726,0
26720,231,0
26722,487,1
26722,309,0
26722,359,0
26728,562,1
26728,583,0
26729,562,1
26729,699,0
26752,606,1
26752,309,0
26752,699,0
26753,562,1
26753,16,0
26753,351,0
26755,487,1
26755,440,0
26755,16,0
26757,562,1
26757,707,0
26757,16,0
26758,562,1
26758,779,0
26758,59,0
26761,473,1
26761,102,0
26768,559,1
26768,707,0
26772,562,1
26773,562,1
26773,699,0
26777,562,1
26777,707,0
26780,562,1
26780,324,0
26782,715,1
26782,291,0
26784,562,1
26784,324,0
26792,558,1
26792,102,0
26797,486,1
26797,707,0
26797,324,0
26798,487,1
26798,302,0
26801,562,1
26801,296,0
26807,205,1
26807,102,0
26810,205,1
26810,102,0
26840,562,1
26840,354,0
26840,324,0
26842,487,1
26842,707,0
26842,16,0
26874,563,1
26874,707,0
26894,419,1
26894,102,0
26894,559,0
26898,205,1
26898,102,0
27027,726,1
27027,444,0
27062,231,1
27062,779,0
27062,637,0
27075,231,1
27075,530,0
27096,666,1
27096,707,0
27096,324,0
27109,779,1
27109,309,0
27127,216,1
27127,309,0
27127,374,0
27163,163,1
27163,444,0
27163,704,0
27204,775,1
27204,102,0
27264,231,1
27265,231,1
27267,226,1
27267,707,0
27267,374,0
27294,216,1
27367,630,1
27367,6,0
27367,707,0
27416,637,1
27416,444,0
27416,374,0
27616,562,1
27616,324,0
27658,565,1
27658,707,0
27660,707,1
27660,324,0
27660,699,0
27667,562,1
27667,226,0
27667,354,0
27687,563,1
27687,707,0
27697,707,1
27697,674,0
27733,565,1
27733,562,0
27735,562,1
27735,15,0
27818,231,1
27818,16,0
27818,673,0
27835,225,1
27835,102,0
27864,309,1
27864,324,0
27864,354,0
27875,226,1
27875,779,0
27875,444,0
27880,309,1
27880,637,0
27972,734,1
27972,10,0
27972,707,0
28072,32,1
28072,102,0
28077,583,1
28077,707,0
28087,102,1
28087,144,0
28097,144,1
28097,102,0
28141,707,1
28141,779,0
28207,231,1
28207,16,0
28217,216,1
28217,439,0
28223,216,1
28223,779,0
28228,231,1
28228,294,0
28259,707,1
28259,324,0
28274,348,1
28274,707,0
28290,779,1
28290,630,0
28290,707,0
28446,102,1
28446,32,0
28462,707,1
28462,699,0
28462,324,0
28487,102,1
28497,707,1
28497,780,0
28502,310,1
28502,102,0
28527,707,1
28527,779,0
28565,324,1
28565,444,0
28568,650,1
28727,102,1
28727,33,0
28791,296,1
28791,216,0
28791,224,0
28806,272,1
28806,102,0
28806,32,0
28820,637,1
28820,404,0
28820,444,0
28826,440,1
28826,444,0
28826,779,0
28850,617,1
28850,227,0
28850,444,0
28852,419,1
28852,650,0
28861,741,1
28861,320,0
28861,231,0
28864,216,1
28888,562,1
28888,339,0
28889,562,1
29013,309,1
29013,354,0
29013,444,0
29027,309,1
29027,779,0
29027,673,0
29041,309,1
29041,444,0
29045,309,1
29045,779,0
29045,674,0
29058,779,1
29058,178,0
29065,309,1
29065,312,0
29075,739,1
29075,309,0
29162,707,1
29162,779,0
29163,707,1
29163,697,0
29179,707,1
29179,351,0
29271,102,1
29271,77,0
29290,487,1
29290,785,0
29376,309,1
29376,324,0
29378,309,1
29378,340,0
29379,309,1
29379,18,0
29381,401,1
29381,707,0
29386,309,1
29386,404,0
29386,102,0
29387,309,1
29387,226,0
29387,16,0
29408,440,1
29408,707,0
29408,178,0
29414,309,1
29414,707,0
29418,309,1
29434,309,1
29434,226,0
29434,779,0
29444,673,1
29444,707,0
29444,324,0
29449,309,1
29449,779,0
29449,707,0
29450,309,1
29450,779,0
29450,226,0
29451,309,1
29451,598,0
29451,226,0
29461,309,1
29461,351,0
29461,59,0
29471,309,1
29471,707,0
29475,309,1
29481,227,1
29481,309,0
29482,674,1
29482,405,0
29482,707,0
29502,229,1
29502,780,0
29502,309,0
29632,637,1
29632,444,0
29632,59,0
29642,354,1
29642,707,0
29642,16,0
29667,348,1
29667,707,0
29692,583,1
29692,178,0
29735,707,1
29735,354,0
29762,707,1
29766,484,1
29766,102,0
29780,481,1
29780,102,0
29953,355,1
29953,707,0
29953,333,0
29959,348,1
29959,102,0
30073,354,1
30073,707,0
30124,707,1
30124,696,0
30135,583,1
30135,102,0
30144,790,1
30144,562,0
30174,207,1
30174,707,0
30204,674,1
30204,741,0
30204,231,0
30207,673,1
30207,779,0
30207,707,0
30208,676,1
30208,562,0
30212,309,1
30212,226,0
30212,637,0
30217,216,1
30217,637,0
30217,16,0
30283,637,1
30283,231,0
30336,102,1
30336,32,0
30347,102,1
30347,32,0
30366,583,1
30366,309,0
30367,707,1
30367,697,0
30389,707,1
30389,699,0
30389,779,0
30420,77,1
30420,102,0
30420,144,0
30437,354,1
30437,178,0
30437,779,0
30483,226,1
30483,779,0
30483,309,0
30496,309,1
30496,226,0
30496,598,0
30497,309,1
30497,554,0
30498,309,1
30498,779,0
30521,309,1
30590,354,1
30590,444,0
30590,374,0
30660,586,1
30660,707,0
30664,197,1
30664,707,0
30665,707,1
30750,707,1
30750,351,0
30750,440,0
30752,707,1
30752,16,0
30758,487,1
30798,707,1
30833,707,1
30833,16,0
30839,707,1
30839,505,0
30845,102,1
30845,32,0
30889,486,1
30889,309,0
30943,309,1
30943,354,0
31008,444,1
31008,226,0
31008,779,0
31013,444,1
31013,18,0
31040,444,1
31040,673,0
31047,707,1
31047,324,0
31089,178,1
31089,779,0
31094,102,1
31147,309,1
31147,401,0
31147,779,0
31154,309,1
31154,351,0
31154,779,0
31162,272,1
31162,102,0
31162,144,0
31230,741,1
31230,707,0
31230,770,0
31256,444,1
31256,226,0
31271,354,1
31271,707,0
31271,637,0
31294,171,1
31294,102,0
31330,707,1
31330,779,0
31370,102,1
31370,32,0
31392,440,1
31392,707,0
31413,362,1
31413,102,0
31418,216,1
31418,707,0
31424,309,1
31424,779,0
31424,440,0
31454,354,1
31454,707,0
31497,16,1
31497,707,0
31498,707,1
31498,697,0
31510,374,1
31510,444,0
31522,216,1
31595,615,1
31595,769,0
31595,102,0
31623,309,1
31623,324,0
31720,707,1
31720,699,0
31727,294,1
31727,707,0
31733,308,1
31733,309,0
31763,312,1
31763,309,0
31763,770,0
31850,707,1
31850,324,0
31856,144,1
31856,102,0
31856,32,0
31920,562,1
31920,406,0
31921,487,1
31921,401,0
31971,609,1
31971,707,0
31997,309,1
31997,324,0
31997,226,0
32065,354,1
32065,779,0
32065,707,0
32116,309,1
32116,324,0
32129,450,1
32129,707,0
32163,721,1
32163,707,0
32169,779,1
32169,707,0
32264,216,1
32264,707,0
32268,405,1
32268,226,0
32268,707,0
32278,226,1
32278,707,0
32284,226,1
32284,707,0
32285,216,1
32285,743,0
32289,405,1
32289,779,0
32289,707,0
32298,272,1
32298,102,0
32317,272,1
32317,32,0
32317,102,0
32326,374,1
32326,707,0
32347,354,1
32347,226,0
32347,707,0
32349,354,1
32349,707,0
32355,309,1
32355,374,0
32355,707,0
32392,779,1
32392,707,0
32392,226,0
32470,374,1
32470,707,0
32470,226,0
32479,374,1
32479,779,0
32479,707,0
32629,487,1
32629,779,0
32633,562,1
32633,707,0
32633,226,0
32650,559,1
32650,707,0
32654,32,1
32654,102,0
32662,707,1
32662,324,0
32720,216,1
32720,444,0
32832,59,1
32832,707,0
32960,351,1
32960,707,0
32997,324,1
32997,707,0
32997,699,0
33020,324,1
33020,707,0
33038,16,1
33038,707,0
33043,707,1
33043,354,0
33050,707,1
33050,704,0
33104,102,1
33104,32,0
33116,707,1
33116,16,0
33126,707,1
33126,697,0
33142,580,1
33142,302,0
33182,226,1
33182,707,0
33182,609,0
33214,309,1
33214,351,0
33325,324,1
33325,707,0
33325,699,0
33363,707,1
33363,699,0
33363,324,0
33372,144,1
33372,102,0
33372,95,0
33382,487,1
33382,779,0
33382,699,0
33391,102,1
33391,32,0
33391,272,0
33487,354,1
33487,178,0
33489,779,1
33489,707,0
33550,192,1
33550,102,0
33588,707,1
33600,555,1
33600,102,0
33602,555,1
33602,102,0
33618,32,1
33618,102,0
33669,354,1
33669,707,0
33693,707,1
33693,779,0
33704,704,1
33704,707,0
33738,562,1
33738,324,0
33738,32,0
33740,562,1
33740,324,0
33779,562,1
33779,699,0
33779,351,0
33797,771,1
33797,707,0
33804,707,1
33804,324,0
33872,588,1
33872,609,0
33872,487,0
33894,102,1
33894,198,0
34067,354,1
34067,231,0
34070,444,1
34070,779,0
34073,231,1
34073,727,0
34137,102,1
34137,203,0
34283,354,1
34283,650,0
34329,741,1
34329,707,0
34331,309,1
34331,359,0
34378,231,1
34397,707,1
34397,324,0
34431,707,1
34435,707,1
34437,707,1
34437,699,0
34449,707,1
34451,324,1
34451,704,0
34451,707,0
34457,707,1
34457,696,0
34460,707,1
34468,707,1
34468,715,0
34510,707,1
34510,324,0
34511,707,1
34511,324,0
34546,707,1
34546,324,0
34568,102,1
34568,583,0
34600,707,1
34600,354,0
34617,707,1
34617,272,0
34720,351,1
34720,324,0
34720,102,0
34738,707,1
34820,792,1
34820,102,0
34826,216,1
34839,32,1
34839,102,0
34892,562,1
34899,216,1
34899,354,0
34901,184,1
34901,102,0
34901,311,0
34932,562,1
34932,772,0
34932,308,0
34962,102,1
34962,308,0
34968,273,1
34968,102,0
34985,296,1
34985,102,0
35005,562,1
35005,305,0
35125,144,1
35125,102,0
35150,32,1
35150,102,0
35163,707,1
35163,324,0
35176,707,1
35177,707,1
35180,707,1
35180,779,0
35231,707,1
35231,324,0
35242,562,1
35242,673,0
35294,707,1
35294,598,0
35306,598,1
35306,707,0
35315,144,1
35315,102,0
35355,562,1
35368,32,1
35368,102,0
35369,32,1
35369,102,0
35387,178,1
35387,324,0
35397,102,1
35397,32,0
35412,178,1
35412,707,0
35440,598,1
35440,324,0
35440,707,0
35456,650,1
35456,102,0
35458,32,1
35458,102,0
35464,415,1
35464,102,0
35471,205,1
35471,102,0
35473,32,1
35473,102,0
35476,650,1
35476,439,0
35477,32,1
35477,102,0
35504,650,1
35504,324,0
35590,309,1
35590,324,0
35590,699,0
35593,309,1
35599,309,1
35599,783,0
35599,401,0
35676,309,1
35676,354,0
35678,780,1
35678,779,0
35678,309,0
35687,226,1
35687,444,0
35690,309,1
35690,779,0
35711,59,1
35711,707,0
35711,401,0
35729,749,1
35729,231,0
35729,721,0
35735,354,1
35735,707,0
35736,354,1
35736,231,0
35736,165,0
35737,354,1
35737,226,0
35737,309,0
35738,354,1
35738,707,0
35785,354,1
35785,226,0
35785,707,0
35807,354,1
35807,707,0
35807,226,0
35846,444,1
35846,562,0
35846,637,0
35856,309,1
35856,697,0
35938,309,1
35938,598,0
35938,324,0
35957,309,1
35957,354,0
36036,401,1
36036,650,0
36175,354,1
36175,707,0
36182,354,1
36182,707,0
36182,770,0
36239,291,1
36239,234,0
36239,450,0
36242,637,1
36242,707,0
36266,401,1
36266,231,0
36277,309,1
36277,699,0
36287,309,1
36290,444,1
36290,354,0
36290,562,0
36333,351,1
36333,309,0
36333,224,0
36336,312,1
36336,309,0
36365,676,1
36365,351,0
36365,102,0
36420,444,1
36420,707,0
36420,354,0
36444,374,1
36444,231,0
36444,779,0
36462,673,1
36462,707,0
36462,401,0
36536,405,1
36536,707,0
36627,450,1
36627,527,0
36627,707,0
36640,497,1
36640,231,0
36673,354,1
36673,707,0
36673,505,0
36754,650,1
36759,650,1
36759,779,0
36785,707,1
36785,165,0
36815,707,1
36815,779,0
36815,324,0
36832,178,1
36832,324,0
36856,324,1
36856,707,0
36856,779,0
36870,300,1
36870,707,0
36896,15,1
36896,309,0
36897,487,1
36897,444,0
36910,102,1
36910,144,0
36920,492,1
36920,178,0
36985,102,1
36985,32,0
36985,171,0
37026,102,1
37026,310,0
37045,144,1
37045,102,0
37049,565,1
37049,707,0
37073,562,1
37073,324,0
37074,562,1
37074,699,0
37075,562,1
37075,583,0
37076,562,1
37076,779,0
37077,562,1
37078,562,1
37078,779,0
37096,102,1
37118,650,1
37118,324,0
37119,650,1
37119,440,0
37135,492,1
37135,178,0
37136,487,1
37136,216,0
37147,562,1
37147,707,0
37185,231,1
37185,16,0
37185,779,0
37198,231,1
37198,628,0
37226,231,1
37227,231,1
37227,16,0
37227,741,0
37252,231,1
37300,291,1
37300,699,0
37307,770,1
37307,779,0
37307,707,0
37358,779,1
37358,309,0
37466,780,1
37466,227,0
37466,309,0
37536,309,1
37536,779,0
37537,309,1
37552,309,1
37552,351,0
37614,309,1
37614,779,0
37615,309,1
37638,309,1
37672,309,1
37672,423,0
37672,302,0
37707,309,1
37707,764,0
37707,302,0
37813,309,1
37813,226,0
37813,779,0
37815,296,1
37815,226,0
37815,309,0
37818,734,1
37818,231,0
37825,309,1
37825,779,0
37946,216,1
37946,707,0
37946,351,0
37956,662,1
37956,224,0
37956,178,0
38008,216,1
38008,764,0
38047,216,1
38047,226,0
38047,707,0
38048,216,1
38055,62,1
38055,707,0
38080,401,1
38080,309,0
38081,401,1
38081,309,0
38082,401,1
38082,309,0
38191,707,1
38191,226,0
38194,707,1
38194,699,0
38272,324,1
38272,707,0
38272,779,0
38298,704,1
38298,707,0
38299,707,1
38299,324,0
38327,645,1
38327,32,0
38327,102,0
38342,169,1
38342,102,0
38371,231,1
38384,617,1
38384,102,0
38404,309,1
38404,444,0
38410,309,1
38410,779,0
38439,309,1
38439,324,0
38452,444,1
38454,444,1
38454,401,0
38466,444,1
38466,707,0
38474,216,1
38474,324,0
38491,707,1
38491,62,0
38496,707,1
38496,779,0
38496,324,0
38545,780,1
38545,444,0
38545,226,0
38547,779,1
38547,305,0
38547,309,0
38565,216,1
38565,707,0
38565,226,0
38570,54,1
38570,10,0
38570,231,0
38610,444,1
38610,779,0
38694,707,1
38694,698,0
38791,554,1
38791,562,0
38837,231,1
38845,231,1
38845,741,0
38845,32,0
38850,231,1
38850,779,0
38869,231,1
39036,609,1
39036,699,0
39036,178,0
39135,216,1
39135,480,0
39136,216,1
39136,351,0
39167,216,1
39167,401,0
39167,324,0
39301,583,1
39301,102,0
39318,696,1
39318,291,0
39327,707,1
39327,779,0
39336,372,1
39336,102,0
39339,707,1
39344,102,1
39344,32,0
39351,715,1
39351,707,0
39352,486,1
39352,707,0
39396,272,1
39396,351,0
39396,102,0
39406,769,1
39406,743,0
39406,707,0
39436,186,1
39436,311,0
39436,102,0
39455,309,1
39455,354,0
39564,707,1
39564,779,0
39596,707,1
39625,324,1
39625,707,0
39655,707,1
39656,699,1
39656,707,0
39689,707,1
39689,324,0
39695,707,1
39695,324,0
39736,231,1
39736,505,0
39736,63,0
39776,192,1
39776,32,0
39776,102,0
39788,444,1
39788,707,0
39806,444,1
39806,707,0
39811,225,1
39811,102,0
39829,227,1
39829,741,0
39829,707,0
39856,707,1
39856,401,0
39856,354,0
39863,102,1
39869,707,1
39869,598,0
39878,715,1
39878,562,0
39882,16,1
39882,707,0
39904,562,1
39904,699,0
39910,563,1
39910,707,0
39915,487,1
39915,707,0
39948,38,1
39948,102,0
39993,32,1
39993,102,0
39994,102,1
39999,234,1
39999,291,0
39999,294,0
40003,231,1
40003,450,0
40003,505,0
40020,309,1
40020,444,0
40032,273,1
40032,405,0
40032,707,0
40044,440,1
40044,444,0
40044,707,0
40068,770,1
40068,707,0
40198,611,1
40198,707,0
40198,779,0
40230,707,1
40230,16,0
40303,178,1
40303,309,0
40322,697,1
40322,707,0
40344,324,1
40344,650,0
40369,697,1
40369,707,0
40390,32,1
40390,102,0
40397,650,1
40397,779,0
40398,650,1
40398,324,0
40402,650,1
40402,440,0
40429,102,1
40429,32,0
40540,374,1
40540,231,0
40550,444,1
40658,102,1
40658,32,0
40670,707,1
40670,354,0
40670,226,0
40732,487,1
40791,231,1
40791,779,0
41090,216,1
41114,190,1
41114,178,0
41134,216,1
41134,779,0
41135,216,1
41135,779,0
41203,17,1
41203,178,0
41230,583,1
41230,309,0
41246,707,1
41260,15,1
41260,707,0
41263,102,1
41263,32,0
41438,487,1
41438,423,0
41444,487,1
41462,372,1
41462,102,0
41523,354,1
41523,444,0
41524,354,1
41524,707,0
41547,216,1
41547,707,0
41549,231,1
41549,16,0
41589,216,1
41589,779,0
41775,102,1
41775,144,0
41818,707,1
41818,309,0
41820,171,1
41820,102,0
41860,102,1
41860,33,0
41896,77,1
41896,102,0
41949,733,1
41949,297,0
41949,444,0
42057,231,1
42057,309,0
42057,165,0
42076,231,1
42076,291,0
42098,291,1
42098,19,0
42117,430,1
42117,178,0
42144,440,1
42144,779,0
42144,309,0
42152,226,1
42152,673,0
42152,487,0
42177,231,1
42177,16,0
42177,501,0
42179,673,1
42179,231,0
42199,192,1
42199,102,0
42211,779,1
42211,324,0
42211,231,0
42237,444,1
42237,726,0
42237,451,0
42266,704,1
42266,707,0
42277,32,1
42277,102,0
42289,699,1
42289,707,0
42418,562,1
42424,487,1
42425,487,1
42425,305,0
42426,562,1
42428,707,1
42428,298,0
42497,231,1
42497,450,0
42497,63,0
42501,783,1
42501,291,0
42655,226,1
42655,707,0
42684,226,1
42684,707,0
42688,674,1
42688,707,0
42688,324,0
42730,498,1
42730,309,0
42741,637,1
42741,309,0
42777,102,1
42777,32,0
42777,272,0
42818,10,1
42818,707,0
42831,577,1
42831,102,0
42883,802,1
42883,102,0
42883,144,0
42888,487,1
42889,707,1
42889,324,0
42932,487,1
42932,699,0
42942,487,1
42942,779,0
42952,16,1
42952,707,0
42956,486,1
42956,707,0
42957,487,1
42957,16,0
42968,192,1
42968,102,0
43080,14,1
43080,231,0
43407,779,1
43407,231,0
43677,707,1
43677,351,0
43678,707,1
43679,707,1
43679,779,0
43684,707,1
43686,707,1
43686,779,0
43689,707,1
43690,707,1
43700,707,1
43701,77,1
43701,102,0
43705,707,1
43705,294,0
43712,144,1
43712,102,0
43718,102,1
43743,102,1
43789,102,1
43803,144,1
43803,102,0
43805,178,1
43821,707,1
43848,707,1
43858,707,1
43859,707,1
43859,102,0
43900,779,1
43900,309,0
43900,305,0
44000,707,1
44008,178,1
44008,351,0
44034,178,1
44057,178,1
44091,783,1
44091,444,0
44091,16,0
44211,473,1
44211,102,0
44211,144,0
44225,487,1
44234,487,1
44234,707,0
44234,324,0
44260,16,1
44260,779,0
44260,707,0
44261,32,1
44261,296,0
44261,650,0
44269,707,1
44269,178,0
44269,583,0
44271,32,1
44271,102,0
44271,415,0
44288,706,1
44288,102,0
44291,16,1
44291,707,0
44291,324,0
44329,102,1
44329,32,0
44329,144,0
44331,487,1
44331,324,0
44331,779,0
44376,802,1
44376,102,0
44376,207,0
44379,707,1
44379,779,0
44379,583,0
44381,32,1
44381,650,0
44381,272,0
44382,473,1
44382,102,0
44414,563,1
44414,226,0
44414,707,0
44446,418,1
44446,102,0
44446,32,0
44472,487,1
44480,372,1
44480,415,0
44480,102,0
44481,372,1
44481,32,0
44481,102,0
44504,554,1
44504,707,0
44504,351,0
44505,487,1
44505,16,0
44505,354,0
44511,562,1
44511,324,0
44511,779,0
44513,562,1
44513,707,0
44514,562,1
44514,707,0
44514,354,0
44528,603,1
44528,487,0
44528,583,0
44529,486,1
44529,580,0
44529,242,0
44531,32,1
44531,102,0
44534,372,1
44534,650,0
44534,699,0
44535,32,1
44535,102,0
44535,583,0
44537,802,1
44537,171,0
44537,102,0
44543,603,1
44543,707,0
44543,699,0
44545,563,1
44545,16,0
44545,707,0
44547,563,1
44547,487,0
44547,15,0
44548,562,1
44548,699,0
44548,351,0
44557,559,1
44557,16,0
44557,707,0
44574,473,1
44574,102,0
44574,32,0
44609,473,1
44609,102,0
44609,144,0
44631,562,1
44631,707,0
44638,562,1
44638,779,0
44647,562,1
44647,707,0
44649,562,1
44661,562,1
44661,780,0
44664,562,1
44672,562,1
44672,324,0
44672,15,0
44680,563,1
44680,15,0
44680,707,0
44688,563,1
44688,707,0
44688,59,0
44690,418,1
44690,102,0
44690,603,0
44691,562,1
44691,16,0
44691,707,0
44692,562,1
44692,779,0
44692,603,0
44694,563,1
44694,707,0
44697,562,1
44698,562,1
44698,291,0
44700,562,1
44700,707,0
44704,562,1
44704,779,0
44705,562,1
44705,699,0
44711,562,1
44768,418,1
44768,102,0
44772,562,1
44772,673,0
44772,699,0
44773,563,1
44773,294,0
44773,707,0
44774,25,1
44774,102,0
44774,681,0
44775,800,1
44775,102,0
44783,562,1
44783,699,0
44783,603,0
44789,562,1
44789,707,0
44789,779,0
44791,562,1
44791,17,0
44791,707,0
44795,562,1
44795,707,0
44799,562,1
44799,699,0
44799,603,0
44812,562,1
44812,673,0
44812,16,0
44837,562,1
44837,707,0
44842,562,1
44843,563,1
44843,707,0
44844,563,1
44844,309,0
44848,562,1
44848,779,0
44850,562,1
44850,309,0
44850,580,0
44852,563,1
44852,309,0
44852,673,0
44853,563,1
44853,715,0
44853,309,0
44870,562,1
44870,699,0
44870,324,0
44875,562,1
44875,16,0
44902,563,1
44902,707,0
44904,800,1
44904,144,0
44904,102,0
44906,563,1
44906,562,0
44906,707,0
44907,800,1
44907,102,0
44907,32,0
44908,562,1
44908,707,0
44908,637,0
44915,562,1
44915,699,0
44915,324,0
44916,562,1
44916,699,0
44916,324,0
44917,562,1
44917,707,0
44918,562,1
44918,603,0
44918,324,0
44923,562,1
44923,707,0
44945,562,1
44945,439,0
44945,707,0
44946,563,1
44946,16,0
44946,707,0
44947,800,1
44947,102,0
44947,32,0
44949,800,1
44949,102,0
44950,563,1
44950,697,0
44950,707,0
44952,562,1
44952,16,0
44952,673,0
44954,800,1
44954,650,0
44954,32,0
44956,800,1
44956,102,0
44956,32,0
44959,563,1
44959,697,0
44959,707,0
44961,25,1
44961,32,0
44961,102,0
44966,563,1
44966,697,0
44966,309,0
44970,562,1
44972,562,1
44982,562,1
44988,562,1
45008,563,1
45008,231,0
45008,697,0
45019,563,1
45019,674,0
45019,231,0
45025,563,1
45025,231,0
45025,16,0
45028,563,1
45028,707,0
45028,231,0
45034,25,1
45034,487,0
45035,652,1
45035,707,0
45035,734,0
45042,563,1
45042,580,0
45042,707,0
45048,178,1
45048,779,0
45048,699,0
45055,563,1
45055,380,0
45055,488,0
45074,562,1
45094,572,1
45094,102,0
45095,178,1
45095,102,0
45098,562,1
45098,324,0
45098,779,0
45100,572,1
45100,102,0
45100,220,0
45112,563,1
45112,707,0
45116,563,1
45116,291,0
45117,563,1
45117,309,0
45126,603,1
45126,707,0
45126,583,0
45144,603,1
45144,699,0
45144,707,0
45145,473,1
45145,32,0
45145,650,0
45153,205,1
45153,102,0
45153,372,0
45154,562,1
45154,699,0
45154,354,0
45155,562,1
45155,15,0
45155,673,0
45161,231,1
45161,779,0
45161,16,0
45168,272,1
45168,102,0
45168,208,0
45176,231,1
45176,707,0
45176,374,0
45180,231,1
45180,726,0
45180,16,0
45194,309,1
45195,309,1
45195,231,0
45197,291,1
45197,528,0
45203,226,1
45203,444,0
45210,231,1
45213,401,1
45213,231,0
45213,779,0
45231,216,1
45231,226,0
45231,707,0
45241,231,1
45241,726,0
45241,16,0
45247,216,1
45262,309,1
45262,226,0
45266,309,1
45266,231,0
45266,324,0
45269,309,1
45269,707,0
45289,309,1
45289,291,0
45289,59,0
45290,309,1
45297,226,1
45297,231,0
45305,609,1
45305,707,0
45305,587,0
45318,309,1
45318,226,0
45318,779,0
45319,309,1
45319,779,0
45319,673,0
45342,291,1
45342,57,0
45371,617,1
45371,102,0
45381,309,1
45381,440,0
45386,218,1
45386,216,0
45388,309,1
45389,309,1
45389,401,0
45389,324,0
45395,444,1
45395,480,0
45399,444,1
45399,354,0
45399,16,0
45401,309,1
45401,401,0
45401,637,0
45408,439,1
45408,707,0
45410,423,1
45410,562,0
45410,673,0
45433,528,1
45433,707,0
45460,309,1
45460,229,0
45516,617,1
45516,707,0
45523,783,1
45523,707,0
45652,309,1
45652,779,0
45676,231,1
45676,226,0
45724,162,1
45724,309,0
45724,224,0
45727,309,1
45727,354,0
45728,309,1
45728,609,0
45728,779,0
45828,309,1
45828,612,0
45828,226,0
45903,562,1
45903,15,0
45907,562,1
45907,381,0
45907,15,0
45916,707,1
45916,674,0
45941,565,1
45941,562,0
45941,696,0
45954,205,1
45954,102,0
46028,231,1
46028,16,0
46037,783,1
46037,231,0
46037,674,0
46085,405,1
46085,309,0
46177,309,1
46177,779,0
46178,309,1
46178,401,0
46179,309,1
46179,354,0
46232,224,1
46232,231,0
46244,216,1
46267,443,1
46267,707,0
46282,444,1
46282,359,0
46337,498,1
46337,12,0
46337,707,0
46338,218,1
46338,216,0
46338,165,0
46377,216,1
46377,305,0
46416,443,1
46416,697,0
46416,488,0
46542,450,1
46542,707,0
46588,707,1
46588,779,0
46598,144,1
46598,102,0
46617,102,1
46617,32,0
46619,32,1
46619,102,0
46644,558,1
46644,102,0
46657,32,1
46657,102,0
46668,707,1
46668,63,0
46733,444,1
46733,779,0
46742,192,1
46742,102,0
46777,309,1
46777,404,0
46777,779,0
46784,216,1
46784,779,0
46835,779,1
46835,444,0
46910,707,1
46910,16,0
46990,354,1
46990,779,0
46990,707,0
46994,305,1
46994,707,0
47028,707,1
47028,354,0
47053,707,1
47053,354,0
47107,231,1
47107,559,0
47142,354,1
47142,707,0
47142,779,0
47144,354,1
47144,324,0
47144,707,0
47146,637,1
47146,309,0
47175,354,1
47175,707,0
47217,354,1
47217,707,0
47262,272,1
47262,144,0
47262,102,0
47322,351,1
47322,650,0
47379,324,1
47379,178,0
47383,562,1
47383,779,0
47393,562,1
47405,562,1
47412,562,1
47412,324,0
47547,231,1
47563,216,1
47567,216,1
47627,444,1
47634,444,1
47635,444,1
47682,231,1
47692,231,1
47703,216,1
47710,231,1
47711,231,1
47716,216,1
47723,444,1
47729,444,1
47734,231,1
47754,231,1
47758,444,1
47769,231,1
47887,324,1
47887,320,0
47887,178,0
47921,163,1
47921,305,0
47921,444,0
47997,707,1
47997,324,0
48009,707,1
48009,324,0
48086,487,1
48086,324,0
48100,707,1
48100,324,0
48107,242,1
48107,102,0
48123,102,1
48134,487,1
48134,779,0
48146,617,1
48146,779,0
48146,309,0
48150,192,1
48150,411,0
48150,102,0
48167,745,1
48167,779,0
48167,309,0
48186,231,1
48186,487,0
48212,192,1
48212,32,0
48212,102,0
48280,216,1
48285,16,1
48285,231,0
48288,309,1
48440,764,1
48440,707,0
48440,444,0
48483,617,1
48483,588,0
48483,650,0
48612,707,1
48612,16,0
48653,16,1
48653,309,0
48670,691,1
48670,102,0
48829,735,1
48829,291,0
48891,749,1
48891,231,0
48906,220,1
48906,102,0
48967,95,1
48967,102,0
48997,707,1
48997,706,0
48997,699,0
49000,16,1
49000,102,0
49000,324,0
49008,583,1
49008,102,0
49011,585,1
49011,707,0
49053,376,1
49053,19,0
49090,296,1
49090,305,0
49090,291,0
49097,307,1
49097,231,0
49097,14,0
49105,309,1
49135,309,1
49135,779,0
49171,309,1
49171,609,0
49171,324,0
49192,309,1
49192,324,0
49192,226,0
49203,309,1
49203,779,0
49204,721,1
49204,707,0
49224,216,1
49227,216,1
49227,226,0
49227,637,0
49244,309,1
49244,226,0
49249,102,1
49249,32,0
49284,205,1
49284,102,0
49284,144,0
49289,699,1
49289,707,0
49290,697,1
49290,707,0
49295,697,1
49295,707,0
49305,102,1
49305,32,0
49309,707,1
49309,779,0
49332,707,1
49332,779,0
49333,707,1
49333,559,0
49353,144,1
49353,102,0
49370,231,1
49370,226,0
49370,707,0
49371,231,1
49371,779,0
49371,401,0
49372,231,1
49372,404,0
49372,16,0
49373,231,1
49373,465,0
49373,630,0
49374,231,1
49374,354,0
49377,231,1
49377,674,0
49378,231,1
49378,16,0
49378,779,0
49404,309,1
49404,16,0
49425,216,1
49425,51,0
49439,220,1
49439,102,0
49634,95,1
49634,102,0
49646,707,1
49664,707,1
49664,697,0
49692,208,1
49692,707,0
49718,598,1
49718,707,0
49718,354,0
49721,707,1
49744,707,1
49744,324,0
49773,178,1
49815,102,1
49815,351,0
49830,707,1
49830,697,0
49882,598,1
49882,562,0
49882,779,0
50103,272,1
50103,102,0
50103,32,0
50139,62,1
50139,707,0
50187,707,1
50187,779,0
50194,178,1
50195,102,1
50339,707,1
50339,779,0
50339,303,0
50364,102,1
50364,32,0
50438,773,1
50438,224,0
50438,309,0
50582,707,1
50583,324,1
50583,707,0
50596,444,1
50600,444,1
50627,444,1
50627,779,0
50627,226,0
50632,444,1
50632,779,0
50686,707,1
50720,309,1
50746,707,1
50746,324,0
50746,637,0
50750,32,1
50750,102,0
50781,220,1
50781,102,0
50781,583,0
50840,707,1
50840,699,0
50913,487,1
50913,15,0
50933,562,1
50940,487,1
50949,562,1
51358,192,1
51358,102,0
51448,608,1
51448,102,0
51521,16,1
51521,707,0
51554,562,1
51554,324,0
51559,707,1
51559,324,0
51568,487,1
51568,324,0
51634,487,1
51702,162,1
51702,707,0
51737,309,1
51737,637,0
51876,707,1
51876,699,0
51933,102,1
51933,144,0
52007,699,1
52007,707,0
52025,707,1
52025,324,0
52027,707,1
52027,779,0
52027,699,0
52034,465,1
52034,707,0
52240,707,1
52240,324,0
52240,779,0
52243,102,1
52243,144,0
52243,32,0
52248,487,1
52248,779,0
52321,487,1
52321,486,0
52321,779,0
52338,144,1
52338,32,0
52338,102,0
52517,309,1
52517,444,0
52536,769,1
52536,707,0
52780,707,1
52780,598,0
52784,205,1
52784,102,0
52816,32,1
52816,102,0
52960,562,1
52960,779,0
52961,562,1
52961,324,0
52962,562,1
52962,583,0
52965,562,1
52965,697,0
52968,444,1
52990,562,1
52990,779,0
52992,563,1
52992,309,0
52996,562,1
52998,562,1
53002,444,1
53003,444,1
53009,444,1
53032,707,1
53032,779,0
53048,102,1
53291,102,1
53291,351,0
53404,231,1
53404,324,0
53405,231,1
53405,16,0
53405,779,0
53406,231,1
53439,157,1
53439,231,0
53439,429,0
53573,699,1
53573,14,0
53573,707,0
53587,704,1
53587,102,0
53612,372,1
53612,102,0
53617,487,1
53634,707,1
53634,354,0
53649,440,1
53649,707,0
53714,102,1
53715,707,1
53715,699,0
53766,707,1
53766,324,0
53768,707,1
53768,779,0
53897,192,1
53897,102,0
53964,32,1
53964,102,0
54024,294,1
54024,16,0
54024,291,0
54053,216,1
54053,226,0
54053,16,0
54056,562,1
54056,16,0
54056,707,0
54067,562,1
54067,324,0
54067,16,0
54080,192,1
54080,102,0
54118,565,1
54118,707,0
54120,583,1
54120,707,0
54123,707,1
54123,590,0
54125,324,1
54125,707,0
54131,14,1
54131,707,0
54135,562,1
54135,32,0
54144,701,1
54144,102,0
54147,562,1
54167,102,1
54167,144,0
54175,15,1
54175,707,0
54180,16,1
54180,707,0
54191,184,1
54191,102,0
54191,193,0
54192,270,1
54192,102,0
54192,184,0
54200,184,1
54200,102,0
54200,578,0
